[{"model": "foodcartapp.restaurant", "pk": 1, "fields": {"name": "Star Burger Арбат", "address": "Москва, ул. Новый Арбат, 15", "contact_phone": "+7 (967) 157-44-13"}}, {"model": "foodcartapp.restaurant", "pk": 2, "fields": {"name": "Star Burger Цветной", "address": "Москва, Цветной бульвар, 11с2", "contact_phone": "+7 (929) 949-55-36"}}, {"model": "foodcartapp.restaurant", "pk": 3, "fields": {"name": "Star Burger Европейский", "address": "Москва, пл. Киевского Вокзала, 2", "contact_phone": "+7 (929) 680-47-58"}}, {"model": "foodcartapp.restaurant", "pk": 4, "fields": {"name": "Мак", "address": "Иваново", "contact_phone": "+7 (967) 157-44-13"}}, {"model": "foodcartapp.restaurant", "pk": 5, "fields": {"name": "Питер", "address": "Санкт-Петербург", "contact_phone": "+7 (929) 680-47-58"}}, {"model": "foodcartapp.productcategory", "pk": 1, "fields": {"name": "Бургер"}}, {"model": "foodcartapp.productcategory", "pk": 2, "fields": {"name": "Ролл"}}, {"model": "foodcartapp.product", "pk": 1, "fields": {"name": "Стейкхаус", "category": 1, "price": "269.00", "image": "steak_iyBC3uj.jpg", "special_status": false, "description": "Стейкхаус – это сочетание нашей фирменной, приготовленной на огне 100% говядины с ломтиками бекона и соусом «Барбекю», майонезом, листьями свежего салата, помидором и хрустящим луком на воздушной булочке, посыпанной кукурузной крошкой"}}, {"model": "foodcartapp.product", "pk": 2, "fields": {"name": "Лонг Чизбургер", "category": 1, "price": "219.00", "image": "long_chiz_yNW5DFF.jpg", "special_status": false, "description": "Лонг Чизбургер – эталон в коллекции чизбургеров! Два приготовленных на огне бифштекса с двумя ломтиками слегка расплавленного сыра, хрустящими огурчиками, рубленым луком, горчицей и кетчупом на длинной подрумяненной булочке с кунжутом"}}, {"model": "foodcartapp.product", "pk": 3, "fields": {"name": "Тройной Воппер", "category": 1, "price": "369.00", "image": "triple_vopper_90EqZDT.jpg", "special_status": false, "description": "ВОППЕР® — это вкуснейшая приготовленная на огне 100% говядина с сочными помидорами, свежим нарезанным листовым салатом, густым майонезом, хрустящими маринованными огурчиками и свежим луком на нежной булочке с кунжутом"}}, {"model": "foodcartapp.product", "pk": 4, "fields": {"name": "Беконайзер", "category": 1, "price": "319.00", "image": "beconizer_3SABGJF.jpg", "special_status": false, "description": "Встречай самый внушительный бургер в коллекции Бургер Кинг. Много мяса, много бекона и много сыра - все, как ты любишь, и ничего лишнего!"}}, {"model": "foodcartapp.product", "pk": 5, "fields": {"name": "Фиш Ролл", "category": 2, "price": "199.00", "image": "fish_roll_CtQFNvk.jpg", "special_status": false, "description": "Наш новый ролл с аппетитной котлеткой из филе белой рыбы, с фирменным соусом, маринованными огурчиками и хрустящим салатом. Легкое рыбное удовольствие!"}}, {"model": "foodcartapp.product", "pk": 6, "fields": {"name": "Шримп Ролл", "category": 2, "price": "209.00", "image": "shrimp_roll_iRqiBcA.jpg", "special_status": false, "description": "Легкий ролл с нежными королевскими креветками в хрустящей панировке, свежий салат Айсберг и ломтик сыра в пшеничной лепешке под фирменным соусом «Кинг». Внимание! Блюдо содержит аллергены – морепродукты"}}, {"model": "foodcartapp.restaurantmenuitem", "pk": 1, "fields": {"restaurant": 1, "product": 1, "availability": true}}, {"model": "foodcartapp.restaurantmenuitem", "pk": 2, "fields": {"restaurant": 2, "product": 2, "availability": true}}, {"model": "foodcartapp.restaurantmenuitem", "pk": 3, "fields": {"restaurant": 3, "product": 3, "availability": true}}, {"model": "foodcartapp.restaurantmenuitem", "pk": 4, "fields": {"restaurant": 1, "product": 4, "availability": true}}, {"model": "foodcartapp.restaurantmenuitem", "pk": 5, "fields": {"restaurant": 2, "product": 4, "availability": true}}, {"model": "foodcartapp.restaurantmenuitem", "pk": 6, "fields": {"restaurant": 3, "product": 4, "availability": true}}, {"model": "foodcartapp.restaurantmenuitem", "pk": 7, "fields": {"restaurant": 1, "product": 5, "availability": true}}, {"model": "foodcartapp.restaurantmenuitem", "pk": 8, "fields": {"restaurant": 3, "product": 5, "availability": true}}, {"model": "foodcartapp.restaurantmenuitem", "pk": 9, "fields": {"restaurant": 2, "product": 5, "availability": true}}, {"model": "foodcartapp.restaurantmenuitem", "pk": 10, "fields": {"restaurant": 1, "product": 6, "availability": true}}, {"model": "foodcartapp.restaurantmenuitem", "pk": 11, "fields": {"restaurant": 2, "product": 6, "availability": true}}, {"model": "foodcartapp.restaurantmenuitem", "pk": 12, "fields": {"restaurant": 3, "product": 6, "availability": true}}, {"model": "foodcartapp.restaurantmenuitem", "pk": 13, "fields": {"restaurant": 2, "product": 1, "availability": true}}, {"model": "foodcartapp.restaurantmenuitem", "pk": 14, "fields": {"restaurant": 3, "product": 1, "availability": true}}, {"model": "foodcartapp.restaurantmenuitem", "pk": 15, "fields": {"restaurant": 1, "product": 2, "availability": true}}, {"model": "foodcartapp.restaurantmenuitem", "pk": 16, "fields": {"restaurant": 3, "product": 2, "availability": true}}, {"model": "foodcartapp.restaurantmenuitem", "pk": 17, "fields": {"restaurant": 1, "product": 3, "availability": true}}, {"model": "foodcartapp.restaurantmenuitem", "pk": 18, "fields": {"restaurant": 2, "product": 3, "availability": true}}, {"model": "foodcartapp.restaurantmenuitem", "pk": 19, "fields": {"restaurant": 4, "product": 4, "availability": true}}, {"model": "foodcartapp.restaurantmenuitem", "pk": 20, "fields": {"restaurant": 4, "product": 6, "availability": true}}, {"model": "foodcartapp.restaurantmenuitem", "pk": 21, "fields": {"restaurant": 5, "product": 5, "availability": true}}, {"model": "foodcartapp.order", "pk": 1, "fields": {"firstname": "Максим", "lastname": "Иванов", "phonenumber": "+79996547788", "address": "Москва, пл. Киевского Вокзала, 23", "status": "NEW", "comment": "", "created_at": "2025-10-07T16:42:12.270Z", "called_at": null, "delivered_at": null, "payment_method": "CASH", "restaurant": 1}}, {"model": "foodcartapp.order", "pk": 2, "fields": {"firstname": "Василий", "lastname": "Ора", "phonenumber": "+79123456789", "address": "Москва, Цветной бульвар, 55", "status": "UNPROCESSED", "comment": "", "created_at": "2025-10-07T16:44:41.974Z", "called_at": null, "delivered_at": null, "payment_method": "CASH", "restaurant": null}}, {"model": "foodcartapp.order", "pk": 3, "fields": {"firstname": "Тимур", "lastname": "Иванова", "phonenumber": "+79123456789", "address": "Москва, ул. Новый Арбат, 1", "status": "UNPROCESSED", "comment": "", "created_at": "2025-10-07T17:36:34.005Z", "called_at": null, "delivered_at": null, "payment_method": "", "restaurant": null}}, {"model": "foodcartapp.order", "pk": 4, "fields": {"firstname": "Василий", "lastname": "Васильевич", "phonenumber": "+79996547788", "address": "Москва, Цветной бульвар, 23", "status": "UNPROCESSED", "comment": "", "created_at": "2025-10-07T17:38:23.413Z", "called_at": null, "delivered_at": null, "payment_method": "", "restaurant": null}}, {"model": "foodcartapp.order", "pk": 5, "fields": {"firstname": "Саша", "lastname": "Белый", "phonenumber": "+79123456789", "address": "Москва, Ленинградский проспект, 75", "status": "NEW", "comment": "", "created_at": "2025-10-07T17:41:25.493Z", "called_at": null, "delivered_at": null, "payment_method": "CASH", "restaurant": 2}}, {"model": "foodcartapp.order", "pk": 6, "fields": {"firstname": "Василий", "lastname": "Ора", "phonenumber": "+79012345678", "address": "Москва, ул. Новый Арбат, 15", "status": "UNPROCESSED", "comment": "", "created_at": "2025-10-07T17:48:30.273Z", "called_at": null, "delivered_at": null, "payment_method": "CASH", "restaurant": null}}, {"model": "foodcartapp.order", "pk": 7, "fields": {"firstname": "Марина", "lastname": "Селезнева", "phonenumber": "+79012345678", "address": "Мытищи, Шараповский пр., вл2", "status": "UNPROCESSED", "comment": "", "created_at": "2025-10-07T17:50:15.629Z", "called_at": null, "delivered_at": null, "payment_method": "CASH", "restaurant": null}}, {"model": "foodcartapp.order", "pk": 8, "fields": {"firstname": "Светлана", "lastname": "Кох", "phonenumber": "+79996547788", "address": "Москва, Ленинградский проспект, 45", "status": "UNPROCESSED", "comment": "", "created_at": "2025-10-07T18:12:16.007Z", "called_at": null, "delivered_at": null, "payment_method": "", "restaurant": null}}, {"model": "foodcartapp.order", "pk": 9, "fields": {"firstname": "Кристина", "lastname": "Мик", "phonenumber": "+79996547788", "address": "Москва, Ленинский проспект, 97к1", "status": "UNPROCESSED", "comment": "", "created_at": "2025-10-07T18:13:44.029Z", "called_at": null, "delivered_at": null, "payment_method": "", "restaurant": null}}, {"model": "foodcartapp.order", "pk": 10, "fields": {"firstname": "Тимур", "lastname": "Иванов", "phonenumber": "+79123456780", "address": "Москва, 3-й Павелецкий проезд, 3", "status": "NEW", "comment": "Попросить срочно", "created_at": "2025-10-08T11:22:40.388Z", "called_at": null, "delivered_at": null, "payment_method": "ONLINE", "restaurant": 3}}, {"model": "foodcartapp.order", "pk": 11, "fields": {"firstname": "Максим", "lastname": "Иванов", "phonenumber": "+79012345678", "address": "Москва, улица Большая Ордынка, 20с10", "status": "UNPROCESSED", "comment": "", "created_at": "2025-10-08T12:11:51.767Z", "called_at": null, "delivered_at": null, "payment_method": "", "restaurant": null}}, {"model": "foodcartapp.order", "pk": 12, "fields": {"firstname": "Анна", "lastname": "Иванов", "phonenumber": "+79012345678", "address": "Большая Ордынка 12", "status": "UNPROCESSED", "comment": "", "created_at": "2025-10-08T12:12:17.657Z", "called_at": null, "delivered_at": null, "payment_method": "", "restaurant": null}}, {"model": "foodcartapp.order", "pk": 13, "fields": {"firstname": "Павел", "lastname": "Мочалов", "phonenumber": "+79123456789", "address": "Москва, Бродников переулок, 3А", "status": "UNPROCESSED", "comment": "", "created_at": "2025-10-09T15:46:11.868Z", "called_at": null, "delivered_at": null, "payment_method": "", "restaurant": null}}, {"model": "foodcartapp.order", "pk": 14, "fields": {"firstname": "Максим", "lastname": "Иванов", "phonenumber": "+79012345678", "address": "Москва, Серебряный переулок, 4", "status": "UNPROCESSED", "comment": "", "created_at": "2025-10-09T15:48:35.108Z", "called_at": null, "delivered_at": null, "payment_method": "", "restaurant": null}}, {"model": "foodcartapp.order", "pk": 15, "fields": {"firstname": "Тимур", "lastname": "Васильевич", "phonenumber": "+79012345678", "address": "Москва, улица Воздвиженка, 14с1", "status": "UNPROCESSED", "comment": "", "created_at": "2025-10-09T15:54:58.786Z", "called_at": null, "delivered_at": null, "payment_method": "", "restaurant": null}}, {"model": "foodcartapp.order", "pk": 16, "fields": {"firstname": "Виктор", "lastname": "Васильевич", "phonenumber": "+79012345678", "address": "Москва, улица Новый Арбат, 7/1с3", "status": "UNPROCESSED", "comment": "", "created_at": "2025-10-09T15:59:34.103Z", "called_at": null, "delivered_at": null, "payment_method": "", "restaurant": null}}, {"model": "foodcartapp.order", "pk": 17, "fields": {"firstname": "Тимур", "lastname": "Мак", "phonenumber": "+79996547788", "address": "Москва, улица Новый Арбат, 15с2", "status": "UNPROCESSED", "comment": "", "created_at": "2025-10-09T16:00:45.822Z", "called_at": null, "delivered_at": null, "payment_method": "", "restaurant": null}}, {"model": "foodcartapp.order", "pk": 18, "fields": {"firstname": "Анна", "lastname": "Мак", "phonenumber": "+79012345678", "address": "Москва, ул. Новый Арбат, 15", "status": "UNPROCESSED", "comment": "", "created_at": "2025-10-09T16:02:01.148Z", "called_at": null, "delivered_at": null, "payment_method": "", "restaurant": null}}, {"model": "foodcartapp.order", "pk": 19, "fields": {"firstname": "Полина", "lastname": "Кекс", "phonenumber": "+79996547788", "address": "Москва, Серебряный переулок, 4", "status": "UNPROCESSED", "comment": "", "created_at": "2025-10-09T18:26:25.022Z", "called_at": null, "delivered_at": null, "payment_method": "", "restaurant": null}}, {"model": "foodcartapp.order", "pk": 20, "fields": {"firstname": "Дмитрий", "lastname": "Шадрин", "phonenumber": "+79123456780", "address": "Иваново", "status": "UNPROCESSED", "comment": "", "created_at": "2025-10-09T18:43:21.920Z", "called_at": null, "delivered_at": null, "payment_method": "", "restaurant": null}}, {"model": "foodcartapp.order", "pk": 21, "fields": {"firstname": "Дмитрий", "lastname": "Шадрин", "phonenumber": "+79012345678", "address": "Вологда", "status": "UNPROCESSED", "comment": "", "created_at": "2025-10-09T18:52:25.637Z", "called_at": null, "delivered_at": null, "payment_method": "", "restaurant": null}}, {"model": "foodcartapp.order", "pk": 22, "fields": {"firstname": "Максим", "lastname": "Иванов", "phonenumber": "+79012345678", "address": "Иваново", "status": "UNPROCESSED", "comment": "", "created_at": "2025-10-09T18:53:45.696Z", "called_at": null, "delivered_at": null, "payment_method": "", "restaurant": null}}, {"model": "foodcartapp.order", "pk": 23, "fields": {"firstname": "Виктор", "lastname": "Мак", "phonenumber": "+79123456789", "address": "Иваново", "status": "UNPROCESSED", "comment": "", "created_at": "2025-10-09T18:57:13.683Z", "called_at": null, "delivered_at": null, "payment_method": "", "restaurant": null}}, {"model": "foodcartapp.order", "pk": 24, "fields": {"firstname": "Тимур", "lastname": "Мак", "phonenumber": "+79996547788", "address": "Иваново", "status": "UNPROCESSED", "comment": "", "created_at": "2025-10-09T18:59:10.784Z", "called_at": null, "delivered_at": null, "payment_method": "", "restaurant": null}}, {"model": "foodcartapp.order", "pk": 25, "fields": {"firstname": "Саша", "lastname": "Мак", "phonenumber": "+79123456789", "address": "Иваново, Рабфаковская улица, 20", "status": "UNPROCESSED", "comment": "", "created_at": "2025-10-09T19:10:13.315Z", "called_at": null, "delivered_at": null, "payment_method": "", "restaurant": null}}, {"model": "foodcartapp.order", "pk": 26, "fields": {"firstname": "Максим", "lastname": "Мак", "phonenumber": "+79012345678", "address": "Москва", "status": "UNPROCESSED", "comment": "", "created_at": "2025-10-09T19:20:17.391Z", "called_at": null, "delivered_at": null, "payment_method": "", "restaurant": null}}, {"model": "foodcartapp.order", "pk": 27, "fields": {"firstname": "Тимур", "lastname": "Мак", "phonenumber": "+79123456789", "address": "Москва", "status": "UNPROCESSED", "comment": "", "created_at": "2025-10-09T19:22:28.983Z", "called_at": null, "delivered_at": null, "payment_method": "", "restaurant": null}}, {"model": "foodcartapp.order", "pk": 28, "fields": {"firstname": "Василий", "lastname": "Иванов", "phonenumber": "+79012345678", "address": "Санкт-Петербург", "status": "UNPROCESSED", "comment": "", "created_at": "2025-10-10T12:05:18.579Z", "called_at": null, "delivered_at": null, "payment_method": "", "restaurant": null}}, {"model": "foodcartapp.order", "pk": 29, "fields": {"firstname": "Тимур", "lastname": "Мак", "phonenumber": "+79012345678", "address": "Вологда", "status": "UNPROCESSED", "comment": "", "created_at": "2025-10-10T12:26:44.411Z", "called_at": null, "delivered_at": null, "payment_method": "", "restaurant": null}}, {"model": "foodcartapp.order", "pk": 30, "fields": {"firstname": "Анна", "lastname": "Мак", "phonenumber": "+79123456789", "address": "Москва", "status": "UNPROCESSED", "comment": "", "created_at": "2025-10-10T12:27:58.817Z", "called_at": null, "delivered_at": null, "payment_method": "", "restaurant": null}}, {"model": "foodcartapp.order", "pk": 31, "fields": {"firstname": "Максим", "lastname": "Иванов", "phonenumber": "+79123456789", "address": "Москва, пл. Киевского Вокзала, 2", "status": "UNPROCESSED", "comment": "", "created_at": "2025-10-10T12:28:36.097Z", "called_at": null, "delivered_at": null, "payment_method": "", "restaurant": null}}, {"model": "foodcartapp.order", "pk": 32, "fields": {"firstname": "Максим", "lastname": "Мак", "phonenumber": "+79123456789", "address": "dfsdfdfdsf", "status": "UNPROCESSED", "comment": "", "created_at": "2025-10-10T15:18:43.939Z", "called_at": null, "delivered_at": null, "payment_method": "", "restaurant": null}}, {"model": "foodcartapp.order", "pk": 33, "fields": {"firstname": "Василий", "lastname": "Мак", "phonenumber": "+79012345678", "address": "вавыаываываыв", "status": "UNPROCESSED", "comment": "", "created_at": "2025-10-10T15:21:59.531Z", "called_at": null, "delivered_at": null, "payment_method": "", "restaurant": null}}, {"model": "foodcartapp.order", "pk": 34, "fields": {"firstname": "Василий", "lastname": "Мак", "phonenumber": "+79996547788", "address": "вамссчмчаыва232", "status": "UNPROCESSED", "comment": "", "created_at": "2025-10-10T15:25:55.507Z", "called_at": null, "delivered_at": null, "payment_method": "", "restaurant": null}}, {"model": "foodcartapp.order", "pk": 35, "fields": {"firstname": "Максим", "lastname": "Мак", "phonenumber": "+79123456789", "address": "Иваново, Рабфаковская улица, 20", "status": "UNPROCESSED", "comment": "", "created_at": "2025-10-11T16:34:48.217Z", "called_at": null, "delivered_at": null, "payment_method": "", "restaurant": null}}, {"model": "foodcartapp.order", "pk": 36, "fields": {"firstname": "Тимур", "lastname": "Мак", "phonenumber": "+79012345678", "address": "Иваново, Рабфаковская улица, 20", "status": "UNPROCESSED", "comment": "", "created_at": "2025-10-11T16:35:18.725Z", "called_at": null, "delivered_at": null, "payment_method": "", "restaurant": null}}, {"model": "foodcartapp.order", "pk": 37, "fields": {"firstname": "Виктор", "lastname": "Мак", "phonenumber": "+79012345678", "address": "онрпрарvcfds", "status": "UNPROCESSED", "comment": "", "created_at": "2025-10-11T16:35:46.371Z", "called_at": null, "delivered_at": null, "payment_method": "", "restaurant": null}}, {"model": "foodcartapp.orderitem", "pk": 1, "fields": {"order": 1, "product": 3, "quantity": 2, "price": "369.00"}}, {"model": "foodcartapp.orderitem", "pk": 2, "fields": {"order": 1, "product": 2, "quantity": 2, "price": "219.00"}}, {"model": "foodcartapp.orderitem", "pk": 3, "fields": {"order": 2, "product": 1, "quantity": 1, "price": "269.00"}}, {"model": "foodcartapp.orderitem", "pk": 4, "fields": {"order": 2, "product": 5, "quantity": 2, "price": "199.00"}}, {"model": "foodcartapp.orderitem", "pk": 5, "fields": {"order": 3, "product": 2, "quantity": 2, "price": "219.00"}}, {"model": "foodcartapp.orderitem", "pk": 6, "fields": {"order": 4, "product": 4, "quantity": 2, "price": "319.00"}}, {"model": "foodcartapp.orderitem", "pk": 7, "fields": {"order": 5, "product": 6, "quantity": 2, "price": "209.00"}}, {"model": "foodcartapp.orderitem", "pk": 8, "fields": {"order": 6, "product": 2, "quantity": 2, "price": "219.00"}}, {"model": "foodcartapp.orderitem", "pk": 9, "fields": {"order": 7, "product": 2, "quantity": 2, "price": "219.00"}}, {"model": "foodcartapp.orderitem", "pk": 10, "fields": {"order": 8, "product": 3, "quantity": 1, "price": "369.00"}}, {"model": "foodcartapp.orderitem", "pk": 11, "fields": {"order": 8, "product": 2, "quantity": 2, "price": "219.00"}}, {"model": "foodcartapp.orderitem", "pk": 12, "fields": {"order": 9, "product": 5, "quantity": 2, "price": "199.00"}}, {"model": "foodcartapp.orderitem", "pk": 13, "fields": {"order": 9, "product": 4, "quantity": 2, "price": "319.00"}}, {"model": "foodcartapp.orderitem", "pk": 14, "fields": {"order": 10, "product": 2, "quantity": 2, "price": "219.00"}}, {"model": "foodcartapp.orderitem", "pk": 15, "fields": {"order": 10, "product": 1, "quantity": 1, "price": "269.00"}}, {"model": "foodcartapp.orderitem", "pk": 16, "fields": {"order": 11, "product": 2, "quantity": 1, "price": "219.00"}}, {"model": "foodcartapp.orderitem", "pk": 17, "fields": {"order": 12, "product": 2, "quantity": 1, "price": "219.00"}}, {"model": "foodcartapp.orderitem", "pk": 18, "fields": {"order": 13, "product": 2, "quantity": 2, "price": "219.00"}}, {"model": "foodcartapp.orderitem", "pk": 19, "fields": {"order": 13, "product": 3, "quantity": 1, "price": "369.00"}}, {"model": "foodcartapp.orderitem", "pk": 20, "fields": {"order": 14, "product": 2, "quantity": 1, "price": "219.00"}}, {"model": "foodcartapp.orderitem", "pk": 21, "fields": {"order": 15, "product": 1, "quantity": 1, "price": "269.00"}}, {"model": "foodcartapp.orderitem", "pk": 22, "fields": {"order": 16, "product": 6, "quantity": 1, "price": "209.00"}}, {"model": "foodcartapp.orderitem", "pk": 23, "fields": {"order": 17, "product": 6, "quantity": 1, "price": "209.00"}}, {"model": "foodcartapp.orderitem", "pk": 24, "fields": {"order": 18, "product": 2, "quantity": 1, "price": "219.00"}}, {"model": "foodcartapp.orderitem", "pk": 25, "fields": {"order": 19, "product": 1, "quantity": 1, "price": "269.00"}}, {"model": "foodcartapp.orderitem", "pk": 26, "fields": {"order": 20, "product": 2, "quantity": 2, "price": "219.00"}}, {"model": "foodcartapp.orderitem", "pk": 27, "fields": {"order": 21, "product": 3, "quantity": 2, "price": "369.00"}}, {"model": "foodcartapp.orderitem", "pk": 28, "fields": {"order": 22, "product": 4, "quantity": 1, "price": "319.00"}}, {"model": "foodcartapp.orderitem", "pk": 29, "fields": {"order": 23, "product": 2, "quantity": 1, "price": "219.00"}}, {"model": "foodcartapp.orderitem", "pk": 30, "fields": {"order": 23, "product": 4, "quantity": 1, "price": "319.00"}}, {"model": "foodcartapp.orderitem", "pk": 31, "fields": {"order": 24, "product": 6, "quantity": 1, "price": "209.00"}}, {"model": "foodcartapp.orderitem", "pk": 32, "fields": {"order": 24, "product": 4, "quantity": 1, "price": "319.00"}}, {"model": "foodcartapp.orderitem", "pk": 33, "fields": {"order": 24, "product": 1, "quantity": 1, "price": "269.00"}}, {"model": "foodcartapp.orderitem", "pk": 34, "fields": {"order": 24, "product": 2, "quantity": 1, "price": "219.00"}}, {"model": "foodcartapp.orderitem", "pk": 35, "fields": {"order": 25, "product": 6, "quantity": 1, "price": "209.00"}}, {"model": "foodcartapp.orderitem", "pk": 36, "fields": {"order": 26, "product": 3, "quantity": 2, "price": "369.00"}}, {"model": "foodcartapp.orderitem", "pk": 37, "fields": {"order": 26, "product": 2, "quantity": 2, "price": "219.00"}}, {"model": "foodcartapp.orderitem", "pk": 38, "fields": {"order": 27, "product": 3, "quantity": 2, "price": "369.00"}}, {"model": "foodcartapp.orderitem", "pk": 39, "fields": {"order": 28, "product": 5, "quantity": 1, "price": "199.00"}}, {"model": "foodcartapp.orderitem", "pk": 40, "fields": {"order": 29, "product": 4, "quantity": 2, "price": "319.00"}}, {"model": "foodcartapp.orderitem", "pk": 41, "fields": {"order": 30, "product": 2, "quantity": 2, "price": "219.00"}}, {"model": "foodcartapp.orderitem", "pk": 42, "fields": {"order": 31, "product": 3, "quantity": 1, "price": "369.00"}}, {"model": "foodcartapp.orderitem", "pk": 43, "fields": {"order": 32, "product": 2, "quantity": 1, "price": "219.00"}}, {"model": "foodcartapp.orderitem", "pk": 44, "fields": {"order": 33, "product": 1, "quantity": 1, "price": "269.00"}}, {"model": "foodcartapp.orderitem", "pk": 45, "fields": {"order": 34, "product": 2, "quantity": 1, "price": "219.00"}}, {"model": "foodcartapp.orderitem", "pk": 46, "fields": {"order": 35, "product": 2, "quantity": 1, "price": "219.00"}}, {"model": "foodcartapp.orderitem", "pk": 47, "fields": {"order": 36, "product": 6, "quantity": 1, "price": "209.00"}}, {"model": "foodcartapp.orderitem", "pk": 48, "fields": {"order": 37, "product": 5, "quantity": 1, "price": "199.00"}}, {"model": "foodcartapp.orderitem", "pk": 49, "fields": {"order": 37, "product": 6, "quantity": 1, "price": "209.00"}}, {"model": "admin.logentry", "pk": 1, "fields": {"action_time": "2025-10-07T16:36:44.470Z", "user": 1, "content_type": 2, "object_id": "1", "object_repr": "Star Burger Арбат", "action_flag": 1, "change_message": "[{\"added\": {}}]"}}, {"model": "admin.logentry", "pk": 2, "fields": {"action_time": "2025-10-07T16:37:05.107Z", "user": 1, "content_type": 2, "object_id": "2", "object_repr": "Star Burger Цветной", "action_flag": 1, "change_message": "[{\"added\": {}}]"}}, {"model": "admin.logentry", "pk": 3, "fields": {"action_time": "2025-10-07T16:37:23.241Z", "user": 1, "content_type": 2, "object_id": "3", "object_repr": "Star Burger Европейский", "action_flag": 1, "change_message": "[{\"added\": {}}]"}}, {"model": "admin.logentry", "pk": 4, "fields": {"action_time": "2025-10-07T16:37:54.403Z", "user": 1, "content_type": 4, "object_id": "1", "object_repr": "Бургер", "action_flag": 1, "change_message": "[{\"added\": {}}]"}}, {"model": "admin.logentry", "pk": 5, "fields": {"action_time": "2025-10-07T16:37:58.964Z", "user": 1, "content_type": 4, "object_id": "2", "object_repr": "Ролл", "action_flag": 1, "change_message": "[{\"added\": {}}]"}}, {"model": "admin.logentry", "pk": 6, "fields": {"action_time": "2025-10-07T16:38:32.855Z", "user": 1, "content_type": 1, "object_id": "1", "object_repr": "Стейкхаус", "action_flag": 1, "change_message": "[{\"added\": {}}, {\"added\": {\"name\": \"\\u043f\\u0443\\u043d\\u043a\\u0442 \\u043c\\u0435\\u043d\\u044e \\u0440\\u0435\\u0441\\u0442\\u043e\\u0440\\u0430\\u043d\\u0430\", \"object\": \"Star Burger \\u0410\\u0440\\u0431\\u0430\\u0442 - \\u0421\\u0442\\u0435\\u0439\\u043a\\u0445\\u0430\\u0443\\u0441\"}}]"}}, {"model": "admin.logentry", "pk": 7, "fields": {"action_time": "2025-10-07T16:38:59.974Z", "user": 1, "content_type": 1, "object_id": "2", "object_repr": "Лонг Чизбургер", "action_flag": 1, "change_message": "[{\"added\": {}}, {\"added\": {\"name\": \"\\u043f\\u0443\\u043d\\u043a\\u0442 \\u043c\\u0435\\u043d\\u044e \\u0440\\u0435\\u0441\\u0442\\u043e\\u0440\\u0430\\u043d\\u0430\", \"object\": \"Star Burger \\u0426\\u0432\\u0435\\u0442\\u043d\\u043e\\u0439 - \\u041b\\u043e\\u043d\\u0433 \\u0427\\u0438\\u0437\\u0431\\u0443\\u0440\\u0433\\u0435\\u0440\"}}]"}}, {"model": "admin.logentry", "pk": 8, "fields": {"action_time": "2025-10-07T16:39:40.418Z", "user": 1, "content_type": 1, "object_id": "3", "object_repr": "Тройной Воппер", "action_flag": 1, "change_message": "[{\"added\": {}}, {\"added\": {\"name\": \"\\u043f\\u0443\\u043d\\u043a\\u0442 \\u043c\\u0435\\u043d\\u044e \\u0440\\u0435\\u0441\\u0442\\u043e\\u0440\\u0430\\u043d\\u0430\", \"object\": \"Star Burger \\u0415\\u0432\\u0440\\u043e\\u043f\\u0435\\u0439\\u0441\\u043a\\u0438\\u0439 - \\u0422\\u0440\\u043e\\u0439\\u043d\\u043e\\u0439 \\u0412\\u043e\\u043f\\u043f\\u0435\\u0440\"}}]"}}, {"model": "admin.logentry", "pk": 9, "fields": {"action_time": "2025-10-07T16:40:19.771Z", "user": 1, "content_type": 1, "object_id": "4", "object_repr": "Беконайзер", "action_flag": 1, "change_message": "[{\"added\": {}}, {\"added\": {\"name\": \"\\u043f\\u0443\\u043d\\u043a\\u0442 \\u043c\\u0435\\u043d\\u044e \\u0440\\u0435\\u0441\\u0442\\u043e\\u0440\\u0430\\u043d\\u0430\", \"object\": \"Star Burger \\u0410\\u0440\\u0431\\u0430\\u0442 - \\u0411\\u0435\\u043a\\u043e\\u043d\\u0430\\u0439\\u0437\\u0435\\u0440\"}}, {\"added\": {\"name\": \"\\u043f\\u0443\\u043d\\u043a\\u0442 \\u043c\\u0435\\u043d\\u044e \\u0440\\u0435\\u0441\\u0442\\u043e\\u0440\\u0430\\u043d\\u0430\", \"object\": \"Star Burger \\u0426\\u0432\\u0435\\u0442\\u043d\\u043e\\u0439 - \\u0411\\u0435\\u043a\\u043e\\u043d\\u0430\\u0439\\u0437\\u0435\\u0440\"}}, {\"added\": {\"name\": \"\\u043f\\u0443\\u043d\\u043a\\u0442 \\u043c\\u0435\\u043d\\u044e \\u0440\\u0435\\u0441\\u0442\\u043e\\u0440\\u0430\\u043d\\u0430\", \"object\": \"Star Burger \\u0415\\u0432\\u0440\\u043e\\u043f\\u0435\\u0439\\u0441\\u043a\\u0438\\u0439 - \\u0411\\u0435\\u043a\\u043e\\u043d\\u0430\\u0439\\u0437\\u0435\\u0440\"}}]"}}, {"model": "admin.logentry", "pk": 10, "fields": {"action_time": "2025-10-07T16:40:58.122Z", "user": 1, "content_type": 1, "object_id": "5", "object_repr": "Фиш Ролл", "action_flag": 1, "change_message": "[{\"added\": {}}, {\"added\": {\"name\": \"\\u043f\\u0443\\u043d\\u043a\\u0442 \\u043c\\u0435\\u043d\\u044e \\u0440\\u0435\\u0441\\u0442\\u043e\\u0440\\u0430\\u043d\\u0430\", \"object\": \"Star Burger \\u0410\\u0440\\u0431\\u0430\\u0442 - \\u0424\\u0438\\u0448 \\u0420\\u043e\\u043b\\u043b\"}}, {\"added\": {\"name\": \"\\u043f\\u0443\\u043d\\u043a\\u0442 \\u043c\\u0435\\u043d\\u044e \\u0440\\u0435\\u0441\\u0442\\u043e\\u0440\\u0430\\u043d\\u0430\", \"object\": \"Star Burger \\u0415\\u0432\\u0440\\u043e\\u043f\\u0435\\u0439\\u0441\\u043a\\u0438\\u0439 - \\u0424\\u0438\\u0448 \\u0420\\u043e\\u043b\\u043b\"}}, {\"added\": {\"name\": \"\\u043f\\u0443\\u043d\\u043a\\u0442 \\u043c\\u0435\\u043d\\u044e \\u0440\\u0435\\u0441\\u0442\\u043e\\u0440\\u0430\\u043d\\u0430\", \"object\": \"Star Burger \\u0426\\u0432\\u0435\\u0442\\u043d\\u043e\\u0439 - \\u0424\\u0438\\u0448 \\u0420\\u043e\\u043b\\u043b\"}}]"}}, {"model": "admin.logentry", "pk": 11, "fields": {"action_time": "2025-10-07T16:41:29.370Z", "user": 1, "content_type": 1, "object_id": "6", "object_repr": "Шримп Ролл", "action_flag": 1, "change_message": "[{\"added\": {}}, {\"added\": {\"name\": \"\\u043f\\u0443\\u043d\\u043a\\u0442 \\u043c\\u0435\\u043d\\u044e \\u0440\\u0435\\u0441\\u0442\\u043e\\u0440\\u0430\\u043d\\u0430\", \"object\": \"Star Burger \\u0410\\u0440\\u0431\\u0430\\u0442 - \\u0428\\u0440\\u0438\\u043c\\u043f \\u0420\\u043e\\u043b\\u043b\"}}, {\"added\": {\"name\": \"\\u043f\\u0443\\u043d\\u043a\\u0442 \\u043c\\u0435\\u043d\\u044e \\u0440\\u0435\\u0441\\u0442\\u043e\\u0440\\u0430\\u043d\\u0430\", \"object\": \"Star Burger \\u0426\\u0432\\u0435\\u0442\\u043d\\u043e\\u0439 - \\u0428\\u0440\\u0438\\u043c\\u043f \\u0420\\u043e\\u043b\\u043b\"}}, {\"added\": {\"name\": \"\\u043f\\u0443\\u043d\\u043a\\u0442 \\u043c\\u0435\\u043d\\u044e \\u0440\\u0435\\u0441\\u0442\\u043e\\u0440\\u0430\\u043d\\u0430\", \"object\": \"Star Burger \\u0415\\u0432\\u0440\\u043e\\u043f\\u0435\\u0439\\u0441\\u043a\\u0438\\u0439 - \\u0428\\u0440\\u0438\\u043c\\u043f \\u0420\\u043e\\u043b\\u043b\"}}]"}}, {"model": "admin.logentry", "pk": 12, "fields": {"action_time": "2025-10-07T16:42:50.936Z", "user": 1, "content_type": 1, "object_id": "1", "object_repr": "Стейкхаус", "action_flag": 2, "change_message": "[{\"added\": {\"name\": \"\\u043f\\u0443\\u043d\\u043a\\u0442 \\u043c\\u0435\\u043d\\u044e \\u0440\\u0435\\u0441\\u0442\\u043e\\u0440\\u0430\\u043d\\u0430\", \"object\": \"Star Burger \\u0426\\u0432\\u0435\\u0442\\u043d\\u043e\\u0439 - \\u0421\\u0442\\u0435\\u0439\\u043a\\u0445\\u0430\\u0443\\u0441\"}}, {\"added\": {\"name\": \"\\u043f\\u0443\\u043d\\u043a\\u0442 \\u043c\\u0435\\u043d\\u044e \\u0440\\u0435\\u0441\\u0442\\u043e\\u0440\\u0430\\u043d\\u0430\", \"object\": \"Star Burger \\u0415\\u0432\\u0440\\u043e\\u043f\\u0435\\u0439\\u0441\\u043a\\u0438\\u0439 - \\u0421\\u0442\\u0435\\u0439\\u043a\\u0445\\u0430\\u0443\\u0441\"}}]"}}, {"model": "admin.logentry", "pk": 13, "fields": {"action_time": "2025-10-07T16:42:58.991Z", "user": 1, "content_type": 1, "object_id": "2", "object_repr": "Лонг Чизбургер", "action_flag": 2, "change_message": "[{\"added\": {\"name\": \"\\u043f\\u0443\\u043d\\u043a\\u0442 \\u043c\\u0435\\u043d\\u044e \\u0440\\u0435\\u0441\\u0442\\u043e\\u0440\\u0430\\u043d\\u0430\", \"object\": \"Star Burger \\u0410\\u0440\\u0431\\u0430\\u0442 - \\u041b\\u043e\\u043d\\u0433 \\u0427\\u0438\\u0437\\u0431\\u0443\\u0440\\u0433\\u0435\\u0440\"}}, {\"added\": {\"name\": \"\\u043f\\u0443\\u043d\\u043a\\u0442 \\u043c\\u0435\\u043d\\u044e \\u0440\\u0435\\u0441\\u0442\\u043e\\u0440\\u0430\\u043d\\u0430\", \"object\": \"Star Burger \\u0415\\u0432\\u0440\\u043e\\u043f\\u0435\\u0439\\u0441\\u043a\\u0438\\u0439 - \\u041b\\u043e\\u043d\\u0433 \\u0427\\u0438\\u0437\\u0431\\u0443\\u0440\\u0433\\u0435\\u0440\"}}]"}}, {"model": "admin.logentry", "pk": 14, "fields": {"action_time": "2025-10-07T16:43:07.948Z", "user": 1, "content_type": 1, "object_id": "3", "object_repr": "Тройной Воппер", "action_flag": 2, "change_message": "[{\"added\": {\"name\": \"\\u043f\\u0443\\u043d\\u043a\\u0442 \\u043c\\u0435\\u043d\\u044e \\u0440\\u0435\\u0441\\u0442\\u043e\\u0440\\u0430\\u043d\\u0430\", \"object\": \"Star Burger \\u0410\\u0440\\u0431\\u0430\\u0442 - \\u0422\\u0440\\u043e\\u0439\\u043d\\u043e\\u0439 \\u0412\\u043e\\u043f\\u043f\\u0435\\u0440\"}}, {\"added\": {\"name\": \"\\u043f\\u0443\\u043d\\u043a\\u0442 \\u043c\\u0435\\u043d\\u044e \\u0440\\u0435\\u0441\\u0442\\u043e\\u0440\\u0430\\u043d\\u0430\", \"object\": \"Star Burger \\u0426\\u0432\\u0435\\u0442\\u043d\\u043e\\u0439 - \\u0422\\u0440\\u043e\\u0439\\u043d\\u043e\\u0439 \\u0412\\u043e\\u043f\\u043f\\u0435\\u0440\"}}]"}}, {"model": "admin.logentry", "pk": 15, "fields": {"action_time": "2025-10-07T16:43:37.093Z", "user": 1, "content_type": 5, "object_id": "1", "object_repr": "Заказ 1 (Максим Иванов)", "action_flag": 2, "change_message": "[{\"changed\": {\"fields\": [\"\\u0420\\u0435\\u0441\\u0442\\u043e\\u0440\\u0430\\u043d, \\u043a\\u043e\\u0442\\u043e\\u0440\\u044b\\u0439 \\u043f\\u0440\\u0438\\u0433\\u043e\\u0442\\u043e\\u0432\\u0438\\u0442 \\u0437\\u0430\\u043a\\u0430\\u0437\"]}}]"}}, {"model": "admin.logentry", "pk": 16, "fields": {"action_time": "2025-10-07T17:45:47.920Z", "user": 1, "content_type": 5, "object_id": "5", "object_repr": "Заказ 5 (Саша Белый)", "action_flag": 2, "change_message": "[{\"changed\": {\"fields\": [\"\\u0421\\u0442\\u0430\\u0442\\u0443\\u0441\", \"\\u0420\\u0435\\u0441\\u0442\\u043e\\u0440\\u0430\\u043d, \\u043a\\u043e\\u0442\\u043e\\u0440\\u044b\\u0439 \\u043f\\u0440\\u0438\\u0433\\u043e\\u0442\\u043e\\u0432\\u0438\\u0442 \\u0437\\u0430\\u043a\\u0430\\u0437\"]}}]"}}, {"model": "admin.logentry", "pk": 17, "fields": {"action_time": "2025-10-08T11:23:54.604Z", "user": 1, "content_type": 5, "object_id": "10", "object_repr": "Заказ 10 (Тимур Иванов)", "action_flag": 2, "change_message": "[{\"changed\": {\"fields\": [\"\\u0421\\u0442\\u0430\\u0442\\u0443\\u0441\", \"\\u0421\\u043f\\u043e\\u0441\\u043e\\u0431 \\u043e\\u043f\\u043b\\u0430\\u0442\\u044b\", \"\\u0420\\u0435\\u0441\\u0442\\u043e\\u0440\\u0430\\u043d, \\u043a\\u043e\\u0442\\u043e\\u0440\\u044b\\u0439 \\u043f\\u0440\\u0438\\u0433\\u043e\\u0442\\u043e\\u0432\\u0438\\u0442 \\u0437\\u0430\\u043a\\u0430\\u0437\"]}}]"}}, {"model": "admin.logentry", "pk": 18, "fields": {"action_time": "2025-10-08T11:24:26.902Z", "user": 1, "content_type": 5, "object_id": "10", "object_repr": "Заказ 10 (Тимур Иванов)", "action_flag": 2, "change_message": "[{\"changed\": {\"fields\": [\"\\u041a\\u043e\\u043c\\u043c\\u0435\\u043d\\u0442\\u0430\\u0440\\u0438\\u0439\"]}}]"}}, {"model": "admin.logentry", "pk": 19, "fields": {"action_time": "2025-10-09T18:53:22.652Z", "user": 1, "content_type": 2, "object_id": "4", "object_repr": "Мак", "action_flag": 1, "change_message": "[{\"added\": {}}, {\"added\": {\"name\": \"\\u043f\\u0443\\u043d\\u043a\\u0442 \\u043c\\u0435\\u043d\\u044e \\u0440\\u0435\\u0441\\u0442\\u043e\\u0440\\u0430\\u043d\\u0430\", \"object\": \"\\u041c\\u0430\\u043a - \\u0411\\u0435\\u043a\\u043e\\u043d\\u0430\\u0439\\u0437\\u0435\\u0440\"}}, {\"added\": {\"name\": \"\\u043f\\u0443\\u043d\\u043a\\u0442 \\u043c\\u0435\\u043d\\u044e \\u0440\\u0435\\u0441\\u0442\\u043e\\u0440\\u0430\\u043d\\u0430\", \"object\": \"\\u041c\\u0430\\u043a - \\u0428\\u0440\\u0438\\u043c\\u043f \\u0420\\u043e\\u043b\\u043b\"}}]"}}, {"model": "admin.logentry", "pk": 20, "fields": {"action_time": "2025-10-10T12:04:58.056Z", "user": 1, "content_type": 2, "object_id": "5", "object_repr": "Питер", "action_flag": 1, "change_message": "[{\"added\": {}}, {\"added\": {\"name\": \"\\u043f\\u0443\\u043d\\u043a\\u0442 \\u043c\\u0435\\u043d\\u044e \\u0440\\u0435\\u0441\\u0442\\u043e\\u0440\\u0430\\u043d\\u0430\", \"object\": \"\\u041f\\u0438\\u0442\\u0435\\u0440 - \\u0424\\u0438\\u0448 \\u0420\\u043e\\u043b\\u043b\"}}]"}}, {"model": "auth.permission", "pk": 1, "fields": {"name": "Can add товар", "content_type": 1, "codename": "add_product"}}, {"model": "auth.permission", "pk": 2, "fields": {"name": "Can change товар", "content_type": 1, "codename": "change_product"}}, {"model": "auth.permission", "pk": 3, "fields": {"name": "Can delete товар", "content_type": 1, "codename": "delete_product"}}, {"model": "auth.permission", "pk": 4, "fields": {"name": "Can view товар", "content_type": 1, "codename": "view_product"}}, {"model": "auth.permission", "pk": 5, "fields": {"name": "Can add ресторан", "content_type": 2, "codename": "add_restaurant"}}, {"model": "auth.permission", "pk": 6, "fields": {"name": "Can change ресторан", "content_type": 2, "codename": "change_restaurant"}}, {"model": "auth.permission", "pk": 7, "fields": {"name": "Can delete ресторан", "content_type": 2, "codename": "delete_restaurant"}}, {"model": "auth.permission", "pk": 8, "fields": {"name": "Can view ресторан", "content_type": 2, "codename": "view_restaurant"}}, {"model": "auth.permission", "pk": 9, "fields": {"name": "Can add пункт меню ресторана", "content_type": 3, "codename": "add_restaurantmenuitem"}}, {"model": "auth.permission", "pk": 10, "fields": {"name": "Can change пункт меню ресторана", "content_type": 3, "codename": "change_restaurantmenuitem"}}, {"model": "auth.permission", "pk": 11, "fields": {"name": "Can delete пункт меню ресторана", "content_type": 3, "codename": "delete_restaurantmenuitem"}}, {"model": "auth.permission", "pk": 12, "fields": {"name": "Can view пункт меню ресторана", "content_type": 3, "codename": "view_restaurantmenuitem"}}, {"model": "auth.permission", "pk": 13, "fields": {"name": "Can add категория", "content_type": 4, "codename": "add_productcategory"}}, {"model": "auth.permission", "pk": 14, "fields": {"name": "Can change категория", "content_type": 4, "codename": "change_productcategory"}}, {"model": "auth.permission", "pk": 15, "fields": {"name": "Can delete категория", "content_type": 4, "codename": "delete_productcategory"}}, {"model": "auth.permission", "pk": 16, "fields": {"name": "Can view категория", "content_type": 4, "codename": "view_productcategory"}}, {"model": "auth.permission", "pk": 17, "fields": {"name": "Can add Заказ", "content_type": 5, "codename": "add_order"}}, {"model": "auth.permission", "pk": 18, "fields": {"name": "Can change Заказ", "content_type": 5, "codename": "change_order"}}, {"model": "auth.permission", "pk": 19, "fields": {"name": "Can delete Заказ", "content_type": 5, "codename": "delete_order"}}, {"model": "auth.permission", "pk": 20, "fields": {"name": "Can view Заказ", "content_type": 5, "codename": "view_order"}}, {"model": "auth.permission", "pk": 21, "fields": {"name": "Can add Позиция заказа", "content_type": 6, "codename": "add_orderitem"}}, {"model": "auth.permission", "pk": 22, "fields": {"name": "Can change Позиция заказа", "content_type": 6, "codename": "change_orderitem"}}, {"model": "auth.permission", "pk": 23, "fields": {"name": "Can delete Позиция заказа", "content_type": 6, "codename": "delete_orderitem"}}, {"model": "auth.permission", "pk": 24, "fields": {"name": "Can view Позиция заказа", "content_type": 6, "codename": "view_orderitem"}}, {"model": "auth.permission", "pk": 25, "fields": {"name": "Can add log entry", "content_type": 7, "codename": "add_logentry"}}, {"model": "auth.permission", "pk": 26, "fields": {"name": "Can change log entry", "content_type": 7, "codename": "change_logentry"}}, {"model": "auth.permission", "pk": 27, "fields": {"name": "Can delete log entry", "content_type": 7, "codename": "delete_logentry"}}, {"model": "auth.permission", "pk": 28, "fields": {"name": "Can view log entry", "content_type": 7, "codename": "view_logentry"}}, {"model": "auth.permission", "pk": 29, "fields": {"name": "Can add permission", "content_type": 8, "codename": "add_permission"}}, {"model": "auth.permission", "pk": 30, "fields": {"name": "Can change permission", "content_type": 8, "codename": "change_permission"}}, {"model": "auth.permission", "pk": 31, "fields": {"name": "Can delete permission", "content_type": 8, "codename": "delete_permission"}}, {"model": "auth.permission", "pk": 32, "fields": {"name": "Can view permission", "content_type": 8, "codename": "view_permission"}}, {"model": "auth.permission", "pk": 33, "fields": {"name": "Can add group", "content_type": 9, "codename": "add_group"}}, {"model": "auth.permission", "pk": 34, "fields": {"name": "Can change group", "content_type": 9, "codename": "change_group"}}, {"model": "auth.permission", "pk": 35, "fields": {"name": "Can delete group", "content_type": 9, "codename": "delete_group"}}, {"model": "auth.permission", "pk": 36, "fields": {"name": "Can view group", "content_type": 9, "codename": "view_group"}}, {"model": "auth.permission", "pk": 37, "fields": {"name": "Can add user", "content_type": 10, "codename": "add_user"}}, {"model": "auth.permission", "pk": 38, "fields": {"name": "Can change user", "content_type": 10, "codename": "change_user"}}, {"model": "auth.permission", "pk": 39, "fields": {"name": "Can delete user", "content_type": 10, "codename": "delete_user"}}, {"model": "auth.permission", "pk": 40, "fields": {"name": "Can view user", "content_type": 10, "codename": "view_user"}}, {"model": "auth.permission", "pk": 41, "fields": {"name": "Can add content type", "content_type": 11, "codename": "add_contenttype"}}, {"model": "auth.permission", "pk": 42, "fields": {"name": "Can change content type", "content_type": 11, "codename": "change_contenttype"}}, {"model": "auth.permission", "pk": 43, "fields": {"name": "Can delete content type", "content_type": 11, "codename": "delete_contenttype"}}, {"model": "auth.permission", "pk": 44, "fields": {"name": "Can view content type", "content_type": 11, "codename": "view_contenttype"}}, {"model": "auth.permission", "pk": 45, "fields": {"name": "Can add session", "content_type": 12, "codename": "add_session"}}, {"model": "auth.permission", "pk": 46, "fields": {"name": "Can change session", "content_type": 12, "codename": "change_session"}}, {"model": "auth.permission", "pk": 47, "fields": {"name": "Can delete session", "content_type": 12, "codename": "delete_session"}}, {"model": "auth.permission", "pk": 48, "fields": {"name": "Can view session", "content_type": 12, "codename": "view_session"}}, {"model": "auth.permission", "pk": 49, "fields": {"name": "Can add history entry", "content_type": 13, "codename": "add_historyentry"}}, {"model": "auth.permission", "pk": 50, "fields": {"name": "Can change history entry", "content_type": 13, "codename": "change_historyentry"}}, {"model": "auth.permission", "pk": 51, "fields": {"name": "Can delete history entry", "content_type": 13, "codename": "delete_historyentry"}}, {"model": "auth.permission", "pk": 52, "fields": {"name": "Can view history entry", "content_type": 13, "codename": "view_historyentry"}}, {"model": "auth.permission", "pk": 53, "fields": {"name": "Can add Место", "content_type": 14, "codename": "add_place"}}, {"model": "auth.permission", "pk": 54, "fields": {"name": "Can change Место", "content_type": 14, "codename": "change_place"}}, {"model": "auth.permission", "pk": 55, "fields": {"name": "Can delete Место", "content_type": 14, "codename": "delete_place"}}, {"model": "auth.permission", "pk": 56, "fields": {"name": "Can view Место", "content_type": 14, "codename": "view_place"}}, {"model": "auth.user", "pk": 1, "fields": {"password": "pbkdf2_sha256$1000000$0GondHTvTYULDCMK67bBWJ$fP8H/jWIqCjzlZaIpMZIU4YPuTswGQ+RZcIhDigo0fk=", "last_login": "2025-10-07T16:34:33.424Z", "is_superuser": true, "username": "admin", "first_name": "", "last_name": "", "email": "", "is_staff": true, "is_active": true, "date_joined": "2025-10-07T16:34:16.496Z", "groups": [], "user_permissions": []}}, {"model": "contenttypes.contenttype", "pk": 1, "fields": {"app_label": "foodcartapp", "model": "product"}}, {"model": "contenttypes.contenttype", "pk": 2, "fields": {"app_label": "foodcartapp", "model": "restaurant"}}, {"model": "contenttypes.contenttype", "pk": 3, "fields": {"app_label": "foodcartapp", "model": "restaurantmenuitem"}}, {"model": "contenttypes.contenttype", "pk": 4, "fields": {"app_label": "foodcartapp", "model": "productcategory"}}, {"model": "contenttypes.contenttype", "pk": 5, "fields": {"app_label": "foodcartapp", "model": "order"}}, {"model": "contenttypes.contenttype", "pk": 6, "fields": {"app_label": "foodcartapp", "model": "orderitem"}}, {"model": "contenttypes.contenttype", "pk": 7, "fields": {"app_label": "admin", "model": "logentry"}}, {"model": "contenttypes.contenttype", "pk": 8, "fields": {"app_label": "auth", "model": "permission"}}, {"model": "contenttypes.contenttype", "pk": 9, "fields": {"app_label": "auth", "model": "group"}}, {"model": "contenttypes.contenttype", "pk": 10, "fields": {"app_label": "auth", "model": "user"}}, {"model": "contenttypes.contenttype", "pk": 11, "fields": {"app_label": "contenttypes", "model": "contenttype"}}, {"model": "contenttypes.contenttype", "pk": 12, "fields": {"app_label": "sessions", "model": "session"}}, {"model": "contenttypes.contenttype", "pk": 13, "fields": {"app_label": "debug_toolbar", "model": "historyentry"}}, {"model": "contenttypes.contenttype", "pk": 14, "fields": {"app_label": "places", "model": "place"}}, {"model": "sessions.session", "pk": "gnc2zbq9xlgnphsopkasrsx2fhhc0vau", "fields": {"session_data": ".eJxVjDEOAiEQRe9CbcjggIClvWcgAwyyaiBZdivj3XWTLbT9773_EoHWpYZ18BymLM5CicPvFik9uG0g36nduky9LfMU5abInQ557Zmfl939O6g06rfW2gEQFutYeSZnNKKiqDg5VCaa4jmao4Xs2SP4AhZBp4w6nzTZaMX7A8jyN0M:1v6Ae1:3NwUf9w0s4hbALRL2onUdHayqApgl540JwTHmEJ1taM", "expire_date": "2025-10-21T16:34:33.447Z"}}, {"model": "places.place", "pk": 1, "fields": {"address": "Москва, пл. Киевского Вокзала, 2", "latitude": 55.744637, "longitude": 37.566072, "last_updated": "2025-10-07T16:43:46.444Z"}}, {"model": "places.place", "pk": 2, "fields": {"address": "Москва, ул. Новый Арбат, 15", "latitude": 55.751933, "longitude": 37.593066, "last_updated": "2025-10-07T16:43:46.871Z"}}, {"model": "places.place", "pk": 3, "fields": {"address": "Москва, Цветной бульвар, 11с2", "latitude": 55.770076, "longitude": 37.620429, "last_updated": "2025-10-07T16:43:47.341Z"}}, {"model": "places.place", "pk": 4, "fields": {"address": "Москва, ул. Новый Арбат, 1", "latitude": 55.752724, "longitude": 37.59904, "last_updated": "2025-10-07T17:36:50.399Z"}}, {"model": "places.place", "pk": 5, "fields": {"address": "Москва, Цветной бульвар, 23", "latitude": 55.772527, "longitude": 37.620707, "last_updated": "2025-10-07T17:38:35.790Z"}}, {"model": "places.place", "pk": 6, "fields": {"address": "Москва, Ленинградский проспект, 75", "latitude": 55.804972, "longitude": 37.512281, "last_updated": "2025-10-07T17:41:30.421Z"}}, {"model": "places.place", "pk": 7, "fields": {"address": "Мытищи, Шараповский пр., вл2", "latitude": 55.916678, "longitude": 37.759264, "last_updated": "2025-10-07T17:50:20.074Z"}}, {"model": "places.place", "pk": 8, "fields": {"address": "Москва, Ленинский проспект, 97к1", "latitude": 55.671493, "longitude": 37.523797, "last_updated": "2025-10-07T18:13:48.458Z"}}, {"model": "places.place", "pk": 9, "fields": {"address": "Москва, 3-й Павелецкий проезд, 3", "latitude": 55.71093, "longitude": 37.643938, "last_updated": "2025-10-08T11:23:06.727Z"}}, {"model": "places.place", "pk": 10, "fields": {"address": "Москва, улица Большая Ордынка, 20с10", "latitude": 55.741495, "longitude": 37.62448, "last_updated": "2025-10-08T12:12:23.383Z"}}, {"model": "places.place", "pk": 11, "fields": {"address": "Большая Ордынка 12", "latitude": 55.74336, "longitude": 37.624642, "last_updated": "2025-10-08T12:12:24.177Z"}}, {"model": "places.place", "pk": 12, "fields": {"address": "Москва, Бродников переулок, 3А", "latitude": 55.73702, "longitude": 37.618372, "last_updated": "2025-10-09T15:46:37.142Z"}}, {"model": "places.place", "pk": 13, "fields": {"address": "Москва, Серебряный переулок, 4", "latitude": 55.751964, "longitude": 37.593767, "last_updated": "2025-10-09T15:48:38.979Z"}}, {"model": "places.place", "pk": 14, "fields": {"address": "Москва, улица Воздвиженка, 14с1", "latitude": 55.75324, "longitude": 37.604592, "last_updated": "2025-10-09T15:55:05.020Z"}}, {"model": "places.place", "pk": 15, "fields": {"address": "Москва, улица Новый Арбат, 7/1с3", "latitude": 55.752566, "longitude": 37.597504, "last_updated": "2025-10-09T15:59:40.476Z"}}, {"model": "places.place", "pk": 16, "fields": {"address": "Москва, улица Новый Арбат, 15с2", "latitude": 55.751553, "longitude": 37.592518, "last_updated": "2025-10-09T16:00:51.896Z"}}, {"model": "places.place", "pk": 17, "fields": {"address": "Москва, Ленинградский проспект, 45", "latitude": 55.796203, "longitude": 37.528109, "last_updated": "2025-10-09T18:14:47.029Z"}}, {"model": "places.place", "pk": 18, "fields": {"address": "Москва, Цветной бульвар, 55", "latitude": 55.770471, "longitude": 37.622208, "last_updated": "2025-10-09T18:14:48.732Z"}}, {"model": "places.place", "pk": 19, "fields": {"address": "Москва, пл. Киевского Вокзала, 23", "latitude": 55.743988, "longitude": 37.567455, "last_updated": "2025-10-09T18:14:50.482Z"}}, {"model": "places.place", "pk": 20, "fields": {"address": "Иваново, Рабфаковская улица, 20", "latitude": 57.005196, "longitude": 40.947133, "last_updated": "2025-10-09T19:10:17.425Z"}}, {"model": "places.place", "pk": 21, "fields": {"address": "Иваново", "latitude": 56.999799, "longitude": 40.973014, "last_updated": "2025-10-10T11:52:17.612Z"}}, {"model": "places.place", "pk": 22, "fields": {"address": "Вологда", "latitude": 59.220501, "longitude": 39.891523, "last_updated": "2025-10-10T11:52:19.180Z"}}, {"model": "places.place", "pk": 23, "fields": {"address": "Москва", "latitude": 55.755864, "longitude": 37.617698, "last_updated": "2025-10-10T11:52:20.643Z"}}, {"model": "places.place", "pk": 24, "fields": {"address": "Санкт-Петербург", "latitude": 59.938784, "longitude": 30.314997, "last_updated": "2025-10-10T12:05:23.477Z"}}]